team_id,year,league_id,sub_league_id,division_id,name,abbr,nickname,best_hitter_id,best_pitcher_id,best_rookie_id,manager_id,made_playoffs,won_playoffs,fired,position_in_division
1,2000,100,0,2,"Anaheim","ANA","Angels",5010,14434,14434,0,0,0,0,4
1,2001,100,0,2,"Anaheim","ANA","Angels",5010,14368,15277,0,0,0,0,4
1,2002,100,0,2,"Anaheim","ANA","Angels",12006,14368,15464,0,0,0,0,2
1,2003,100,0,2,"Anaheim","ANA","Angels",245,15522,15747,0,0,0,0,2
1,2004,100,0,2,"Anaheim","ANA","Angels",5398,4036,15935,0,1,1,0,1
1,2005,100,0,2,"Los Angeles","LAA","Angels",5398,15522,16167,0,1,0,0,1
1,2006,100,0,2,"Los Angeles","LAA","Angels",5398,4036,16418,0,0,0,0,4
1,2007,100,0,2,"Los Angeles","LAA","Angels",5398,16418,16449,0,1,0,0,1
1,2008,100,0,2,"Los Angeles","LAA","Angels",15777,16787,16787,0,0,0,0,2
1,2009,100,0,2,"Los Angeles","LAA","Angels",16338,16418,16882,0,0,0,0,2
1,2010,100,0,2,"Los Angeles","LAA","Angels",6530,16418,17088,0,0,0,0,2
1,2011,100,0,2,"Los Angeles","LAA","Angels",17256,16418,17494,0,0,0,0,2
1,2012,100,0,2,"Los Angeles","LAA","Angels",17494,16418,17531,0,1,0,0,3
1,2013,100,0,2,"Los Angeles","LAA","Angels",17494,16203,17907,0,1,0,0,2
1,2014,100,0,2,"Los Angeles","LAA","Angels",17494,17452,17995,0,0,0,0,2
1,2015,100,0,2,"Los Angeles","LAA","Angels",17494,17452,18184,0,0,0,0,3
1,2016,100,0,2,"Los Angeles","LAA","Angels",17494,18075,18555,0,0,0,0,4
1,2017,100,0,2,"Los Angeles","LAA","Angels",17494,17452,0,0,0,0,0,2
2,2000,100,0,0,"Baltimore","BAL","Orioles",849,9214,11488,0,0,0,0,4
2,2001,100,0,0,"Baltimore","BAL","Orioles",711,10985,15293,0,0,0,0,5
2,2002,100,0,0,"Baltimore","BAL","Orioles",15293,10985,15465,0,0,0,0,3
2,2003,100,0,0,"Baltimore","BAL","Orioles",15293,8154,15726,0,0,0,0,3
2,2004,100,0,0,"Baltimore","BAL","Orioles",9601,15428,15829,0,0,0,0,3
2,2005,100,0,0,"Baltimore","BAL","Orioles",9601,15428,16154,0,0,0,0,4
2,2006,100,0,0,"Baltimore","BAL","Orioles",13575,15428,16314,0,0,0,0,4
2,2007,100,0,0,"Baltimore","BAL","Orioles",16314,15428,16540,0,0,0,0,3
2,2008,100,0,0,"Baltimore","BAL","Orioles",15380,15972,16771,0,0,0,0,5
2,2009,100,0,0,"Baltimore","BAL","Orioles",16314,16153,17018,0,0,0,0,5
2,2010,100,0,0,"Baltimore","BAL","Orioles",17068,16978,17187,0,0,0,0,5
2,2011,100,0,0,"Baltimore","BAL","Orioles",16083,17052,17355,0,0,0,0,5
2,2012,100,0,0,"Baltimore","BAL","Orioles",16291,17295,17626,0,0,0,0,5
2,2013,100,0,0,"Baltimore","BAL","Orioles",16291,16271,17851,0,1,0,0,1
2,2014,100,0,0,"Baltimore","BAL","Orioles",16048,17052,18051,0,1,0,0,1
2,2015,100,0,0,"Baltimore","BAL","Orioles",17626,17295,18260,0,0,0,0,2
2,2016,100,0,0,"Baltimore","BAL","Orioles",17626,17792,18543,0,0,0,0,3
2,2017,100,0,0,"Baltimore","BAL","Orioles",17626,17419,0,0,0,0,0,3
3,2000,100,0,0,"Boston","BOS","Red Sox",4088,8603,115,0,0,0,0,2
3,2001,100,0,0,"Boston","BOS","Red Sox",11239,8603,15303,0,0,0,0,2
3,2002,100,0,0,"Boston","BOS","Red Sox",4749,8603,15588,0,1,0,0,2
3,2003,100,0,0,"Boston","BOS","Red Sox",11239,8603,0,0,0,0,0,2
3,2004,100,0,0,"Boston","BOS","Red Sox",11239,8603,15804,0,1,0,0,2
3,2005,100,0,0,"Boston","BOS","Red Sox",11239,12186,16143,0,0,0,0,3
3,2006,100,0,0,"Boston","BOS","Red Sox",10365,15239,16301,0,0,0,0,2
3,2007,100,0,0,"Boston","BOS","Red Sox",16352,15239,16545,0,1,0,0,2
3,2008,100,0,0,"Boston","BOS","Red Sox",16005,16545,16754,0,1,0,0,1
3,2009,100,0,0,"Boston","BOS","Red Sox",15535,16301,16877,0,1,0,0,1
3,2010,100,0,0,"Boston","BOS","Red Sox",15535,16301,17166,0,0,0,0,4
3,2011,100,0,0,"Boston","BOS","Red Sox",15871,16301,17396,0,0,0,0,2
3,2012,100,0,0,"Boston","BOS","Red Sox",16352,16301,17637,0,0,0,0,4
3,2013,100,0,0,"Boston","BOS","Red Sox",16486,16301,17930,0,0,0,0,4
3,2014,100,0,0,"Boston","BOS","Red Sox",17538,16450,17964,0,1,0,0,2
3,2015,100,0,0,"Boston","BOS","Red Sox",17964,17009,18395,0,0,0,0,3
3,2016,100,0,0,"Boston","BOS","Red Sox",17964,16799,18440,0,1,0,0,2
3,2017,100,0,0,"Boston","BOS","Red Sox",17964,17009,0,0,1,1,0,1
4,2000,100,0,1,"Chicago","CWS","White Sox",10335,12653,1723,0,1,0,0,2
4,2001,100,0,1,"Chicago","CWS","White Sox",7815,1723,15382,0,1,0,0,2
4,2002,100,0,1,"Chicago","CWS","White Sox",10335,1723,15549,0,0,0,0,2
4,2003,100,0,1,"Chicago","CWS","White Sox",7815,8066,15773,0,1,0,0,1
4,2004,100,0,1,"Chicago","CWS","White Sox",7815,1723,15994,0,0,0,0,4
4,2005,100,0,1,"Chicago","CWS","White Sox",3812,4739,16097,0,1,0,0,2
4,2006,100,0,1,"Chicago","CWS","White Sox",7448,14086,16307,0,0,0,0,4
4,2007,100,0,1,"Chicago","CWS","White Sox",13673,14086,16472,0,0,0,0,5
4,2008,100,0,1,"Chicago","CWS","White Sox",16363,14086,16802,0,0,0,0,2
4,2009,100,0,1,"Chicago","CWS","White Sox",16802,16472,16949,0,0,0,0,5
4,2010,100,0,1,"Chicago","CWS","White Sox",7448,15859,17233,0,0,0,0,2
4,2011,100,0,1,"Chicago","CWS","White Sox",16363,16472,17464,0,1,0,0,2
4,2012,100,0,1,"Chicago","CWS","White Sox",7448,17667,17667,0,0,0,0,5
4,2013,100,0,1,"Chicago","CWS","White Sox",16475,17230,17876,0,0,0,0,3
4,2014,100,0,1,"Chicago","CWS","White Sox",17931,17667,17931,0,0,0,0,5
4,2015,100,0,1,"Chicago","CWS","White Sox",16032,17230,18377,0,1,0,0,1
4,2016,100,0,1,"Chicago","CWS","White Sox",17357,17230,18369,0,1,0,0,2
4,2017,100,0,1,"Chicago","CWS","White Sox",17357,18377,0,0,0,0,0,4
5,2000,100,0,1,"Cleveland","CLE","Indians",187,2611,3693,0,1,0,0,1
5,2001,100,0,1,"Cleveland","CLE","Indians",13673,15383,15383,0,1,0,0,1
5,2002,100,0,1,"Cleveland","CLE","Indians",1793,15383,15579,0,0,0,0,5
5,2003,100,0,1,"Cleveland","CLE","Indians",1394,15383,15673,0,0,0,0,3
5,2004,100,0,1,"Cleveland","CLE","Indians",15492,15383,15974,0,0,0,0,2
5,2005,100,0,1,"Cleveland","CLE","Indians",15974,15383,16080,0,1,1,0,1
5,2006,100,0,1,"Cleveland","CLE","Indians",15974,15526,16237,0,1,0,0,2
5,2007,100,0,1,"Cleveland","CLE","Indians",15974,15383,16457,0,1,1,0,1
5,2008,100,0,1,"Cleveland","CLE","Indians",15974,15526,16741,0,1,0,0,1
5,2009,100,0,1,"Cleveland","CLE","Indians",16042,16760,16907,0,0,0,0,3
5,2010,100,0,1,"Cleveland","CLE","Indians",16042,16760,17232,0,0,0,0,3
5,2011,100,0,1,"Cleveland","CLE","Indians",17232,16760,17391,0,0,0,0,4
5,2012,100,0,1,"Cleveland","CLE","Indians",17232,17135,17135,0,0,0,0,3
5,2013,100,0,1,"Cleveland","CLE","Indians",16888,17392,17903,0,0,0,0,4
5,2014,100,0,1,"Cleveland","CLE","Indians",16888,17392,18046,0,1,1,0,1
5,2015,100,0,1,"Cleveland","CLE","Indians",17232,17903,18308,0,0,0,0,3
5,2016,100,0,1,"Cleveland","CLE","Indians",18308,17392,18586,0,1,0,0,1
5,2017,100,0,1,"Cleveland","CLE","Indians",17391,17903,0,0,1,0,0,1
6,2000,100,0,1,"Detroit","DET","Tigers",10488,9473,6119,0,0,0,0,3
6,2001,100,0,1,"Detroit","DET","Tigers",3982,14417,15379,0,0,0,0,4
6,2002,100,0,1,"Detroit","DET","Tigers",6622,11325,15583,0,0,0,0,4
6,2003,100,0,1,"Detroit","DET","Tigers",15346,15630,15630,0,0,0,0,5
6,2004,100,0,1,"Detroit","DET","Tigers",11713,15568,15971,0,0,0,0,3
6,2005,100,0,1,"Detroit","DET","Tigers",15971,15630,16075,0,0,0,0,4
6,2006,100,0,1,"Detroit","DET","Tigers",10335,15630,16427,0,1,0,0,1
6,2007,100,0,1,"Detroit","DET","Tigers",15877,16196,16585,0,0,0,0,3
6,2008,100,0,1,"Detroit","DET","Tigers",15636,15568,16737,0,0,0,0,5
6,2009,100,0,1,"Detroit","DET","Tigers",15636,16196,17009,0,0,0,0,2
6,2010,100,0,1,"Detroit","DET","Tigers",15636,16196,17160,0,1,0,0,1
6,2011,100,0,1,"Detroit","DET","Tigers",15636,16833,17341,0,0,0,0,3
6,2012,100,0,1,"Detroit","DET","Tigers",15636,16196,17692,0,1,0,0,1
6,2013,100,0,1,"Detroit","DET","Tigers",15636,16833,17744,0,1,0,0,1
6,2014,100,0,1,"Detroit","DET","Tigers",16297,16799,18148,0,0,0,0,3
6,2015,100,0,1,"Detroit","DET","Tigers",16297,18059,18343,0,0,0,0,4
6,2016,100,0,1,"Detroit","DET","Tigers",15636,16196,18535,0,0,0,0,3
6,2017,100,0,1,"Detroit","DET","Tigers",15636,18035,0,0,0,0,0,3
7,2000,100,0,1,"Kansas City","KC","Royals",13446,12067,9771,0,0,0,0,5
7,2001,100,0,1,"Kansas City","KC","Royals",876,457,15242,0,0,0,0,5
7,2002,100,0,1,"Kansas City","KC","Royals",876,8715,15491,0,0,0,0,3
7,2003,100,0,1,"Kansas City","KC","Royals",876,15332,15676,0,0,0,0,4
7,2004,100,0,1,"Kansas City","KC","Royals",13446,8715,15818,0,0,0,0,5
7,2005,100,0,1,"Kansas City","KC","Royals",13446,15386,16188,0,0,0,0,5
7,2006,100,0,1,"Kansas City","KC","Royals",15825,10719,16227,0,0,0,0,5
7,2007,100,0,1,"Kansas City","KC","Royals",15656,16216,16503,0,0,0,0,4
7,2008,100,0,1,"Kansas City","KC","Royals",16503,15880,16639,0,0,0,0,3
7,2009,100,0,1,"Kansas City","KC","Royals",16456,15880,16951,0,0,0,0,4
7,2010,100,0,1,"Kansas City","KC","Royals",16456,15880,17153,0,0,0,0,5
7,2011,100,0,1,"Kansas City","KC","Royals",16068,16575,17382,0,1,0,0,1
7,2012,100,0,1,"Kansas City","KC","Royals",16456,17153,17647,0,0,0,0,2
7,2013,100,0,1,"Kansas City","KC","Royals",16456,17153,17923,0,0,0,0,2
7,2014,100,0,1,"Kansas City","KC","Royals",17382,16396,18011,0,1,0,0,2
7,2015,100,0,1,"Kansas City","KC","Royals",17441,17344,18352,0,1,1,0,2
7,2016,100,0,1,"Kansas City","KC","Royals",17382,16910,18642,0,0,0,0,5
7,2017,100,0,1,"Kansas City","KC","Royals",17441,17344,17825,0,1,0,0,2
8,2000,100,0,1,"Minnesota","MIN","Twins",7473,11205,7806,0,0,0,0,4
8,2001,100,0,1,"Minnesota","MIN","Twins",7473,9418,15327,0,0,0,0,3
8,2002,100,0,1,"Minnesota","MIN","Twins",7473,9418,15577,0,1,0,0,1
8,2003,100,0,1,"Minnesota","MIN","Twins",6530,12060,15731,0,1,0,0,2
8,2004,100,0,1,"Minnesota","MIN","Twins",6530,12060,15931,0,1,0,0,1
8,2005,100,0,1,"Minnesota","MIN","Twins",15267,12060,16113,0,0,0,0,3
8,2006,100,0,1,"Minnesota","MIN","Twins",15731,12060,16262,0,0,0,0,3
8,2007,100,0,1,"Minnesota","MIN","Twins",15731,12060,16605,0,0,0,0,2
8,2008,100,0,1,"Minnesota","MIN","Twins",15931,9946,16840,0,0,0,0,4
8,2009,100,0,1,"Minnesota","MIN","Twins",15931,16113,16914,0,1,0,0,1
8,2010,100,0,1,"Minnesota","MIN","Twins",15267,16113,17260,0,0,0,0,4
8,2011,100,0,1,"Minnesota","MIN","Twins",15931,16359,17430,0,0,0,0,5
8,2012,100,0,1,"Minnesota","MIN","Twins",16000,16359,17556,0,0,0,0,4
8,2013,100,0,1,"Minnesota","MIN","Twins",17556,17795,17721,0,0,0,0,5
8,2014,100,0,1,"Minnesota","MIN","Twins",17721,17795,18127,0,0,0,0,4
8,2015,100,0,1,"Minnesota","MIN","Twins",17556,17795,18387,0,0,0,0,5
8,2016,100,0,1,"Minnesota","MIN","Twins",18387,17880,18620,0,0,0,0,4
8,2017,100,0,1,"Minnesota","MIN","Twins",18387,17795,0,0,0,0,0,5
9,2000,100,0,0,"New York","NYY","Yankees",6736,10792,2332,0,0,0,0,3
9,2001,100,0,0,"New York","NYY","Yankees",14704,10792,15313,0,1,0,0,1
9,2002,100,0,0,"New York","NYY","Yankees",14704,11599,15498,0,1,0,0,1
9,2003,100,0,0,"New York","NYY","Yankees",12922,10792,15723,0,1,1,0,1
9,2004,100,0,0,"New York","NYY","Yankees",11702,14086,15942,0,1,0,0,1
9,2005,100,0,0,"New York","NYY","Yankees",11702,6833,16036,0,1,0,0,1
9,2006,100,0,0,"New York","NYY","Yankees",11702,11599,16221,0,0,0,0,3
9,2007,100,0,0,"New York","NYY","Yankees",15723,10792,16464,0,0,0,0,4
9,2008,100,0,0,"New York","NYY","Yankees",11702,10792,16811,0,1,0,0,2
9,2009,100,0,0,"New York","NYY","Yankees",16036,15383,16985,0,0,0,0,3
9,2010,100,0,0,"New York","NYY","Yankees",15777,15383,17208,0,1,0,0,1
9,2011,100,0,0,"New York","NYY","Yankees",16036,15383,17421,0,0,0,0,3
9,2012,100,0,0,"New York","NYY","Yankees",15877,15383,17660,0,0,0,0,2
9,2013,100,0,0,"New York","NYY","Yankees",16036,16519,17857,0,0,0,0,5
9,2014,100,0,0,"New York","NYY","Yankees",16486,16123,18151,0,0,0,0,4
9,2015,100,0,0,"New York","NYY","Yankees",876,18151,18386,0,0,0,0,5
9,2016,100,0,0,"New York","NYY","Yankees",17101,17446,18447,0,0,0,0,4
9,2017,100,0,0,"New York","NYY","Yankees",18386,18151,0,0,0,0,0,4
10,2000,100,0,2,"Oakland","OAK","Athletics",4897,9760,9760,0,0,0,0,2
10,2001,100,0,2,"Oakland","OAK","Athletics",13575,6464,1337,0,1,0,0,1
10,2002,100,0,2,"Oakland","OAK","Athletics",13575,6464,15471,0,0,0,0,3
10,2003,100,0,2,"Oakland","OAK","Athletics",6020,15213,15688,0,1,0,0,1
10,2004,100,0,2,"Oakland","OAK","Athletics",15652,15688,15819,0,0,0,0,3
10,2005,100,0,2,"Oakland","OAK","Athletics",15652,15688,16104,0,0,0,0,2
10,2006,100,0,2,"Oakland","OAK","Athletics",15979,16185,16231,0,0,0,0,3
10,2007,100,0,2,"Oakland","OAK","Athletics",15979,15819,16452,0,0,0,0,4
10,2008,100,0,2,"Oakland","OAK","Athletics",15268,16185,16838,0,1,0,0,1
10,2009,100,0,2,"Oakland","OAK","Athletics",16615,16711,16876,0,0,0,0,4
10,2010,100,0,2,"Oakland","OAK","Athletics",16247,16711,17112,0,0,0,0,4
10,2011,100,0,2,"Oakland","OAK","Athletics",16615,16711,17504,0,0,0,0,3
10,2012,100,0,2,"Oakland","OAK","Athletics",17017,17226,17538,0,1,0,0,2
10,2013,100,0,2,"Oakland","OAK","Athletics",17124,17420,17748,0,1,0,0,1
10,2014,100,0,2,"Oakland","OAK","Athletics",17124,16301,17976,0,1,0,0,1
10,2015,100,0,2,"Oakland","OAK","Athletics",17017,17125,18209,0,0,0,0,4
10,2016,100,0,2,"Oakland","OAK","Athletics",17765,18556,18556,0,0,0,0,5
10,2017,100,0,2,"Oakland","OAK","Athletics",17765,17022,0,0,0,0,0,5
11,2000,100,0,2,"Seattle","SEA","Mariners",8576,12361,12076,0,1,0,0,1
11,2001,100,0,2,"Seattle","SEA","Mariners",1257,10903,15404,0,0,0,0,2
11,2002,100,0,2,"Seattle","SEA","Mariners",1257,10903,15596,0,0,0,0,4
11,2003,100,0,2,"Seattle","SEA","Mariners",1968,10903,15775,0,0,0,0,3
11,2004,100,0,2,"Seattle","SEA","Mariners",15404,10903,15924,0,0,0,0,4
11,2005,100,0,2,"Seattle","SEA","Mariners",875,16090,16090,0,0,0,0,4
11,2006,100,0,2,"Seattle","SEA","Mariners",12402,16090,16289,0,1,0,0,1
11,2007,100,0,2,"Seattle","SEA","Mariners",6576,16090,16560,0,0,0,0,2
11,2008,100,0,2,"Seattle","SEA","Mariners",875,16090,16746,0,0,0,0,4
11,2009,100,0,2,"Seattle","SEA","Mariners",1443,16090,16924,0,0,0,0,3
11,2010,100,0,2,"Seattle","SEA","Mariners",1443,16090,17241,0,0,0,0,3
11,2011,100,0,2,"Seattle","SEA","Mariners",17241,16090,17274,0,0,0,0,4
11,2012,100,0,2,"Seattle","SEA","Mariners",16734,16090,17602,0,0,0,0,4
11,2013,100,0,2,"Seattle","SEA","Mariners",17472,16090,17855,0,0,0,0,5
11,2014,100,0,2,"Seattle","SEA","Mariners",17472,16090,18057,0,0,0,0,5
11,2015,100,0,2,"Seattle","SEA","Mariners",17472,18136,18319,0,1,0,0,2
11,2016,100,0,2,"Seattle","SEA","Mariners",16036,16090,18576,0,0,0,0,3
11,2017,100,0,2,"Seattle","SEA","Mariners",17472,18432,0,0,0,0,0,3
12,2000,100,0,0,"Tampa Bay","TB","Devil Rays",8974,6021,4288,0,0,0,0,5
12,2001,100,0,0,"Tampa Bay","TB","Devil Rays",5305,15071,15245,0,0,0,0,4
12,2002,100,0,0,"Tampa Bay","TB","Devil Rays",6467,15316,15453,0,0,0,0,5
12,2003,100,0,0,"Tampa Bay","TB","Devil Rays",6467,15316,15624,0,0,0,0,4
12,2004,100,0,0,"Tampa Bay","TB","Devil Rays",6467,9385,15833,0,0,0,0,4
12,2005,100,0,0,"Tampa Bay","TB","Devil Rays",15453,15903,16045,0,0,0,0,5
12,2006,100,0,0,"Tampa Bay","TB","Devil Rays",15453,16396,16396,0,0,0,0,5
12,2007,100,0,0,"Tampa Bay","TB","Devil Rays",15991,15903,16483,0,0,0,0,5
12,2008,100,0,0,"Tampa","TB","Bay Rays",15362,16396,16752,0,0,0,0,4
12,2009,100,0,0,"Tampa","TB","Bay Rays",16752,16396,17050,0,0,0,0,4
12,2010,100,0,0,"Tampa","TB","Bay Rays",15991,16799,17147,0,0,0,0,3
12,2011,100,0,0,"Tampa","TB","Bay Rays",16752,16799,17423,0,1,1,0,1
12,2012,100,0,0,"Tampa","TB","Bay Rays",16426,16396,17709,0,1,0,0,1
12,2013,100,0,0,"Tampa","TB","Bay Rays",16752,16799,17858,0,0,0,0,3
12,2014,100,0,0,"Tampa","TB","Bay Rays",16752,17513,17982,0,0,0,0,5
12,2015,100,0,0,"Tampa","TB","Bay Rays",18142,17513,18314,0,0,0,0,4
12,2016,100,0,0,"Tampa","TB","Bay Rays",16752,17757,18637,0,0,0,0,5
12,2017,100,0,0,"Tampa","TB","Bay Rays",16752,17513,0,0,0,0,0,5
13,2000,100,0,2,"Texas","TEX","Rangers",10494,3220,7638,0,0,0,0,3
13,2001,100,0,2,"Texas","TEX","Rangers",11702,3220,15335,0,0,0,0,3
13,2002,100,0,2,"Texas","TEX","Rangers",11702,2770,15431,0,1,0,0,1
13,2003,100,0,2,"Texas","TEX","Rangers",11702,2770,15777,0,0,0,0,4
13,2004,100,0,2,"Texas","TEX","Rangers",15777,2770,16006,0,0,0,0,2
13,2005,100,0,2,"Texas","TEX","Rangers",15777,16006,16020,0,0,0,0,3
13,2006,100,0,2,"Texas","TEX","Rangers",15777,9410,16297,0,0,0,0,2
13,2007,100,0,2,"Texas","TEX","Rangers",16297,9410,16596,0,0,0,0,3
13,2008,100,0,2,"Texas","TEX","Rangers",16297,16716,16682,0,0,0,0,3
13,2009,100,0,2,"Texas","TEX","Rangers",16048,16948,16948,0,1,0,0,1
13,2010,100,0,2,"Texas","TEX","Rangers",16048,15526,17200,0,1,0,0,1
13,2011,100,0,2,"Texas","TEX","Rangers",16297,16948,17412,0,1,0,0,1
13,2012,100,0,2,"Texas","TEX","Rangers",875,17550,17550,0,1,0,0,1
13,2013,100,0,2,"Texas","TEX","Rangers",875,17550,17526,0,0,0,0,3
13,2014,100,0,2,"Texas","TEX","Rangers",18080,17550,18080,0,0,0,0,4
13,2015,100,0,2,"Texas","TEX","Rangers",18080,16270,18294,0,0,0,0,5
13,2016,100,0,2,"Texas","TEX","Rangers",18080,17659,18565,0,1,0,0,1
13,2017,100,0,2,"Texas","TEX","Rangers",18080,16270,0,0,0,0,0,4
14,2000,100,0,0,"Toronto","TOR","Blue Jays",3347,14484,2523,0,1,0,0,1
14,2001,100,0,0,"Toronto","TOR","Blue Jays",3347,5522,15285,0,0,0,0,3
14,2002,100,0,0,"Toronto","TOR","Blue Jays",3347,5522,15503,0,0,0,0,4
14,2003,100,0,0,"Toronto","TOR","Blue Jays",3347,5522,15700,0,0,0,0,5
14,2004,100,0,0,"Toronto","TOR","Blue Jays",14492,5522,15962,0,0,0,0,5
14,2005,100,0,0,"Toronto","TOR","Blue Jays",14492,5522,16091,0,0,0,0,2
14,2006,100,0,0,"Toronto","TOR","Blue Jays",14492,5522,16378,0,1,0,0,1
14,2007,100,0,0,"Toronto","TOR","Blue Jays",5010,5522,16435,0,1,0,0,1
14,2008,100,0,0,"Toronto","TOR","Blue Jays",11766,5522,16801,0,0,0,0,3
14,2009,100,0,0,"Toronto","TOR","Blue Jays",16303,5522,17027,0,1,0,0,2
14,2010,100,0,0,"Toronto","TOR","Blue Jays",15812,16117,17175,0,1,0,0,2
14,2011,100,0,0,"Toronto","TOR","Blue Jays",15812,16560,17489,0,0,0,0,4
14,2012,100,0,0,"Toronto","TOR","Blue Jays",15812,16511,17623,0,0,0,0,3
14,2013,100,0,0,"Toronto","TOR","Blue Jays",15812,1723,17860,0,1,0,0,2
14,2014,100,0,0,"Toronto","TOR","Blue Jays",15812,1723,18147,0,0,0,0,3
14,2015,100,0,0,"Toronto","TOR","Blue Jays",15812,18147,18411,0,1,0,0,1
14,2016,100,0,0,"Toronto","TOR","Blue Jays",16060,18355,18443,0,1,0,0,1
14,2017,100,0,0,"Toronto","TOR","Blue Jays",16060,16511,0,0,1,0,0,2
15,2000,100,1,2,"Arizona","ARI","Diamondbacks",5102,6833,3781,0,1,0,0,2
15,2001,100,1,2,"Arizona","ARI","Diamondbacks",5102,12186,15399,0,0,0,0,3
15,2002,100,1,2,"Arizona","ARI","Diamondbacks",15399,6833,2798,0,0,0,0,4
15,2003,100,1,2,"Arizona","ARI","Diamondbacks",15303,12186,15792,0,1,0,0,1
15,2004,100,1,2,"Arizona","ARI","Diamondbacks",15989,6833,15989,0,0,0,0,4
15,2005,100,1,2,"Arizona","ARI","Diamondbacks",5278,15792,16098,0,0,0,0,4
15,2006,100,1,2,"Arizona","ARI","Diamondbacks",15989,15792,16251,0,0,0,0,5
15,2007,100,1,2,"Arizona","ARI","Diamondbacks",16251,15792,16587,0,0,0,0,3
15,2008,100,1,2,"Arizona","ARI","Diamondbacks",16423,15689,16833,0,1,1,0,1
15,2009,100,1,2,"Arizona","ARI","Diamondbacks",16587,15689,17071,0,0,0,0,3
15,2010,100,1,2,"Arizona","ARI","Diamondbacks",16621,16530,17119,0,0,0,0,5
15,2011,100,1,2,"Arizona","ARI","Diamondbacks",16621,16530,17366,0,0,0,0,5
15,2012,100,1,2,"Arizona","ARI","Diamondbacks",17366,16894,17662,0,0,0,0,4
15,2013,100,1,2,"Arizona","ARI","Diamondbacks",17366,17543,17866,0,0,0,0,5
15,2014,100,1,2,"Arizona","ARI","Diamondbacks",17366,17419,18047,0,1,0,0,2
15,2015,100,1,2,"Arizona","ARI","Diamondbacks",17366,17147,18407,0,1,0,0,2
15,2016,100,1,2,"Arizona","ARI","Diamondbacks",17686,15880,18631,0,0,0,0,4
15,2017,100,1,2,"Arizona","ARI","Diamondbacks",17662,18105,0,0,1,0,0,3
16,2000,100,1,0,"Atlanta","ATL","Braves",6864,8355,8958,0,0,0,0,4
16,2001,100,1,0,"Atlanta","ATL","Braves",6864,8355,15294,0,0,0,0,2
16,2002,100,1,0,"Atlanta","ATL","Braves",6864,9410,15504,0,1,0,0,1
16,2003,100,1,0,"Atlanta","ATL","Braves",12485,8355,15750,0,1,0,0,2
16,2004,100,1,0,"Atlanta","ATL","Braves",6864,13708,15913,0,0,0,0,3
16,2005,100,1,0,"Atlanta","ATL","Braves",6864,12860,16122,0,0,0,0,4
16,2006,100,1,0,"Atlanta","ATL","Braves",6864,12860,16334,0,1,1,0,1
16,2007,100,1,0,"Atlanta","ATL","Braves",15777,6464,16487,0,0,0,0,4
16,2008,100,1,0,"Atlanta","ATL","Braves",16122,16527,16663,0,1,0,0,1
16,2009,100,1,0,"Atlanta","ATL","Braves",16122,14086,16940,0,1,0,0,1
16,2010,100,1,0,"Atlanta","ATL","Braves",16122,16940,17150,0,1,0,0,2
16,2011,100,1,0,"Atlanta","ATL","Braves",17138,17167,17363,0,0,0,0,2
16,2012,100,1,0,"Atlanta","ATL","Braves",17138,17196,17689,0,0,0,0,5
16,2013,100,1,0,"Atlanta","ATL","Braves",17791,17487,17791,0,1,0,0,2
16,2014,100,1,0,"Atlanta","ATL","Braves",17138,17936,18056,0,1,0,0,2
16,2015,100,1,0,"Atlanta","ATL","Braves",16314,17487,18256,0,0,0,0,4
16,2016,100,1,0,"Atlanta","ATL","Braves",17138,17487,18481,0,0,0,0,5
16,2017,100,1,0,"Atlanta","ATL","Braves",16293,17487,0,0,0,0,0,5
17,2000,100,1,1,"Chicago","CHC","Cubs",12930,7975,10254,0,0,0,0,5
17,2001,100,1,1,"Chicago","CHC","Cubs",12930,7975,15421,0,0,0,0,3
17,2002,100,1,1,"Chicago","CHC","Cubs",12930,2474,15563,0,1,0,0,2
17,2003,100,1,1,"Chicago","CHC","Cubs",11235,15421,15794,0,0,0,0,2
17,2004,100,1,1,"Chicago","CHC","Cubs",641,15421,16003,0,0,0,0,3
17,2005,100,1,1,"Chicago","CHC","Cubs",11235,15421,16110,0,0,0,0,2
17,2006,100,1,1,"Chicago","CHC","Cubs",16132,15421,16350,0,1,0,0,1
17,2007,100,1,1,"Chicago","CHC","Cubs",11235,15421,16581,0,0,0,0,3
17,2008,100,1,1,"Chicago","CHC","Cubs",11235,15688,16700,0,1,0,0,1
17,2009,100,1,1,"Chicago","CHC","Cubs",12922,7987,17002,0,1,0,0,1
17,2010,100,1,1,"Chicago","CHC","Cubs",12922,3384,17101,0,0,0,0,3
17,2011,100,1,1,"Chicago","CHC","Cubs",17101,16316,17398,0,0,0,0,5
17,2012,100,1,1,"Chicago","CHC","Cubs",17101,16262,17682,0,0,0,0,6
17,2013,100,1,1,"Chicago","CHC","Cubs",17453,17078,17898,0,0,0,0,4
17,2014,100,1,1,"Chicago","CHC","Cubs",17453,17078,18141,0,0,0,0,5
17,2015,100,1,1,"Chicago","CHC","Cubs",17453,16301,18203,0,1,0,0,2
17,2016,100,1,1,"Chicago","CHC","Cubs",18203,17078,18473,0,1,0,0,2
17,2017,100,1,1,"Chicago","CHC","Cubs",17453,16301,0,0,1,0,0,1
18,2000,100,1,1,"Cincinnati","CIN","Reds",5316,3417,872,0,0,0,0,4
18,2001,100,1,1,"Cincinnati","CIN","Reds",5316,5228,15276,0,0,0,0,5
18,2002,100,1,1,"Cincinnati","CIN","Reds",15276,3384,15516,0,0,0,0,3
18,2003,100,1,1,"Cincinnati","CIN","Reds",2160,3384,15789,0,0,0,0,5
18,2004,100,1,1,"Cincinnati","CIN","Reds",15276,15495,15716,0,0,0,0,6
18,2005,100,1,1,"Cincinnati","CIN","Reds",15276,15495,16060,0,0,0,0,4
18,2006,100,1,1,"Cincinnati","CIN","Reds",15276,355,16228,0,0,0,0,4
18,2007,100,1,1,"Cincinnati","CIN","Reds",16060,355,16508,0,1,0,0,2
18,2008,100,1,1,"Cincinnati","CIN","Reds",16626,16197,16662,0,0,0,0,3
18,2009,100,1,1,"Cincinnati","CIN","Reds",16626,16679,17043,0,0,0,0,4
18,2010,100,1,1,"Cincinnati","CIN","Reds",16626,15495,17103,0,0,0,0,4
18,2011,100,1,1,"Cincinnati","CIN","Reds",16626,16432,17381,0,1,0,0,1
18,2012,100,1,1,"Cincinnati","CIN","Reds",17357,16679,17672,0,0,0,0,3
18,2013,100,1,1,"Cincinnati","CIN","Reds",17357,16963,17808,0,0,0,0,2
18,2014,100,1,1,"Cincinnati","CIN","Reds",17357,16679,17998,0,0,0,0,4
18,2015,100,1,1,"Cincinnati","CIN","Reds",16626,17103,18421,0,0,0,0,5
18,2016,100,1,1,"Cincinnati","CIN","Reds",16626,18286,18640,0,0,0,0,5
18,2017,100,1,1,"Cincinnati","CIN","Reds",18360,17999,0,0,0,0,0,5
19,2000,100,1,2,"Colorado","COL","Rockies",5917,375,10884,0,0,0,0,4
19,2001,100,1,2,"Colorado","COL","Rockies",5917,15309,15309,0,0,0,0,2
19,2002,100,1,2,"Colorado","COL","Rockies",5917,15309,15480,0,0,0,0,5
19,2003,100,1,2,"Colorado","COL","Rockies",5917,15290,15714,0,0,0,0,5
19,2004,100,1,2,"Colorado","COL","Rockies",5917,15316,15895,0,0,0,0,5
19,2005,100,1,2,"Colorado","COL","Rockies",15895,7263,16186,0,0,0,0,2
19,2006,100,1,2,"Colorado","COL","Rockies",15895,15862,16414,0,0,0,0,3
19,2007,100,1,2,"Colorado","COL","Rockies",15895,15862,16613,0,1,0,0,1
19,2008,100,1,2,"Colorado","COL","Rockies",15895,15966,16699,0,1,0,0,2
19,2009,100,1,2,"Colorado","COL","Rockies",16414,15966,17025,0,0,0,0,5
19,2010,100,1,2,"Colorado","COL","Rockies",16414,15966,17193,0,1,0,0,1
19,2011,100,1,2,"Colorado","COL","Rockies",16414,16902,17297,0,0,0,0,2
19,2012,100,1,2,"Colorado","COL","Rockies",17458,17447,17683,0,0,0,0,3
19,2013,100,1,2,"Colorado","COL","Rockies",16414,17297,17722,0,0,0,0,3
19,2014,100,1,2,"Colorado","COL","Rockies",17772,17405,17978,0,0,0,0,5
19,2015,100,1,2,"Colorado","COL","Rockies",17722,15966,18258,0,0,0,0,4
19,2016,100,1,2,"Colorado","COL","Rockies",17722,18329,18641,0,0,0,0,3
19,2017,100,1,2,"Colorado","COL","Rockies",17722,18329,0,0,1,0,0,2
20,2000,100,1,0,"Florida","FLO","Marlins",14841,3384,10692,0,1,0,0,1
20,2001,100,1,0,"Florida","FLO","Marlins",4406,10692,15239,0,1,0,0,1
20,2002,100,1,0,"Florida","FLO","Marlins",8189,1795,15547,0,0,0,0,4
20,2003,100,1,0,"Florida","FLO","Marlins",7820,10692,15796,0,1,0,0,1
20,2004,100,1,0,"Florida","FLO","Marlins",15636,15239,15904,0,1,0,0,1
20,2005,100,1,0,"Florida","FLO","Marlins",3347,15796,16137,0,1,0,0,1
20,2006,100,1,0,"Florida","FLO","Marlins",15636,15796,16415,0,0,0,0,3
20,2007,100,1,0,"Florida","FLO","Marlins",15636,16137,16538,0,1,0,0,1
20,2008,100,1,0,"Florida","FLO","Marlins",16151,16324,16642,0,0,0,0,2
20,2009,100,1,0,"Florida","FLO","Marlins",16151,16105,16904,0,1,0,0,2
20,2010,100,1,0,"Florida","FLO","Marlins",16151,16105,17246,0,0,0,0,4
20,2011,100,1,0,"Florida","FLO","Marlins",17246,16388,17343,0,0,0,0,4
20,2012,100,1,0,"Miami","MIA","Marlins",17246,16344,17694,0,1,0,0,3
20,2013,100,1,0,"Miami","MIA","Marlins",17246,17347,17867,0,0,0,0,4
20,2014,100,1,0,"Miami","MIA","Marlins",17246,17347,18037,0,0,0,0,4
20,2015,100,1,0,"Miami","MIA","Marlins",17369,17778,18217,0,0,0,0,2
20,2016,100,1,0,"Miami","MIA","Marlins",17867,17778,18669,0,0,0,0,2
20,2017,100,1,0,"Miami","MIA","Marlins",17968,17778,0,0,1,0,0,1
21,2000,100,1,1,"Houston","HOU","Astros",449,14189,8224,0,0,0,0,3
21,2001,100,1,1,"Houston","HOU","Astros",449,15357,15357,0,1,0,0,2
21,2002,100,1,1,"Houston","HOU","Astros",449,15357,15529,0,0,0,0,4
21,2003,100,1,1,"Houston","HOU","Astros",449,9389,15668,0,0,0,0,4
21,2004,100,1,1,"Houston","HOU","Astros",948,10792,15955,0,0,0,0,4
21,2005,100,1,1,"Houston","HOU","Astros",948,10792,16030,0,0,0,0,6
21,2006,100,1,1,"Houston","HOU","Astros",948,10792,16263,0,0,0,0,5
21,2007,100,1,1,"Houston","HOU","Astros",7815,16163,16578,0,0,0,0,6
21,2008,100,1,1,"Houston","HOU","Astros",16578,16163,16824,0,0,0,0,6
21,2009,100,1,1,"Houston","HOU","Astros",948,16163,16968,0,0,0,0,5
21,2010,100,1,1,"Houston","HOU","Astros",16578,16163,17100,0,0,0,0,5
21,2011,100,1,1,"Houston","HOU","Astros",17278,16511,17278,0,0,0,0,6
21,2012,100,1,1,"Houston","HOU","Astros",17278,16994,17577,0,0,0,0,5
21,2013,100,0,2,"Houston","HOU","Astros",17343,17758,17758,0,0,0,0,4
21,2014,100,0,2,"Houston","HOU","Astros",17278,17613,18144,0,0,0,0,3
21,2015,100,0,2,"Houston","HOU","Astros",17278,17863,18221,0,1,0,0,1
21,2016,100,0,2,"Houston","HOU","Astros",18221,17613,18484,0,0,0,0,2
21,2017,100,0,2,"Houston","HOU","Astros",17278,18484,0,0,1,0,0,1
22,2000,100,1,2,"Los Angeles","LAD","Dodgers",5278,1622,8627,0,0,0,0,3
22,2001,100,1,2,"Los Angeles","LAD","Dodgers",5278,10518,0,0,0,0,0,4
22,2002,100,1,2,"Los Angeles","LAD","Dodgers",5278,10115,15509,0,0,0,0,3
22,2003,100,1,2,"Los Angeles","LAD","Dodgers",875,1622,15786,0,0,0,0,4
22,2004,100,1,2,"Los Angeles","LAD","Dodgers",1394,4665,15821,0,1,0,0,1
22,2005,100,1,2,"Los Angeles","LAD","Dodgers",7199,8186,16156,0,0,0,0,3
22,2006,100,1,2,"Los Angeles","LAD","Dodgers",4647,10692,16252,0,0,0,0,2
22,2007,100,1,2,"Los Angeles","LAD","Dodgers",16318,8186,16258,0,0,0,0,2
22,2008,100,1,2,"Los Angeles","LAD","Dodgers",16293,16222,16685,0,0,0,0,3
22,2009,100,1,2,"Los Angeles","LAD","Dodgers",16293,16740,16881,0,0,0,0,2
22,2010,100,1,2,"Los Angeles","LAD","Dodgers",16252,16740,17162,0,0,0,0,4
22,2011,100,1,2,"Los Angeles","LAD","Dodgers",16293,16740,17347,0,0,0,0,3
22,2012,100,1,2,"Los Angeles","LAD","Dodgers",16151,16740,17677,0,0,0,0,2
22,2013,100,1,2,"Los Angeles","LAD","Dodgers",15871,16740,17902,0,1,0,0,1
22,2014,100,1,2,"Los Angeles","LAD","Dodgers",16151,16740,18115,0,1,0,0,1
22,2015,100,1,2,"Los Angeles","LAD","Dodgers",18088,16740,18391,0,1,0,0,1
22,2016,100,1,2,"Los Angeles","LAD","Dodgers",15871,16740,18644,0,1,0,0,2
22,2017,100,1,2,"Los Angeles","LAD","Dodgers",18391,17936,0,0,1,0,0,1
23,2000,100,1,1,"Milwaukee","MIL","Brewers",1800,5833,7289,0,0,0,0,2
23,2001,100,1,1,"Milwaukee","MIL","Brewers",1800,15392,15392,0,0,0,0,4
23,2002,100,1,1,"Milwaukee","MIL","Brewers",12402,15392,15468,0,0,0,0,6
23,2003,100,1,1,"Milwaukee","MIL","Brewers",12402,15392,15721,0,0,0,0,6
23,2004,100,1,1,"Milwaukee","MIL","Brewers",15358,15392,15966,0,0,0,0,2
23,2005,100,1,1,"Milwaukee","MIL","Brewers",7815,15392,16083,0,0,0,0,3
23,2006,100,1,1,"Milwaukee","MIL","Brewers",16064,3220,16393,0,0,0,0,2
23,2007,100,1,1,"Milwaukee","MIL","Brewers",16447,15828,16447,0,0,0,0,4
23,2008,100,1,1,"Milwaukee","MIL","Brewers",16447,15383,16688,0,0,0,0,2
23,2009,100,1,1,"Milwaukee","MIL","Brewers",16447,16496,16875,0,0,0,0,6
23,2010,100,1,1,"Milwaukee","MIL","Brewers",16064,16496,17179,0,1,0,0,1
23,2011,100,1,1,"Milwaukee","MIL","Brewers",16447,15880,17354,0,0,0,0,3
23,2012,100,1,1,"Milwaukee","MIL","Brewers",16447,16496,17512,0,0,0,0,4
23,2013,100,1,1,"Milwaukee","MIL","Brewers",16500,16496,17793,0,0,0,0,5
23,2014,100,1,1,"Milwaukee","MIL","Brewers",16500,16496,18114,0,0,0,0,3
23,2015,100,1,1,"Milwaukee","MIL","Brewers",16303,18292,18292,0,0,0,0,4
23,2016,100,1,1,"Milwaukee","MIL","Brewers",17924,18228,18204,0,0,0,0,4
23,2017,100,1,1,"Milwaukee","MIL","Brewers",17793,18272,0,0,0,0,0,4
24,2000,100,1,0,"Montreal","MON","Expos",5398,14086,9724,0,0,0,0,3
24,2001,100,1,0,"Montreal","MON","Expos",5398,14086,15415,0,0,0,0,3
24,2002,100,1,0,"Montreal","MON","Expos",5398,14086,15442,0,0,0,0,3
24,2003,100,1,0,"Montreal","MON","Expos",5398,14086,15623,0,0,0,0,4
24,2004,100,1,0,"Montreal","MON","Expos",15378,6015,15975,0,0,0,0,4
24,2005,100,1,0,"Washington","WAS","Nationals",15313,15550,16209,0,0,0,0,5
24,2006,100,1,0,"Washington","WAS","Nationals",16209,15550,16372,0,0,0,0,5
24,2007,100,1,0,"Washington","WAS","Nationals",16209,15894,16490,0,0,0,0,5
24,2008,100,1,0,"Washington","WAS","Nationals",5441,10719,16835,0,0,0,0,5
24,2009,100,1,0,"Washington","WAS","Nationals",15276,17072,17072,0,0,0,0,5
24,2010,100,1,0,"Washington","WAS","Nationals",16209,17249,17249,0,0,0,0,5
24,2011,100,1,0,"Washington","WAS","Nationals",16911,17249,17420,0,0,0,0,5
24,2012,100,1,0,"Washington","WAS","Nationals",16209,17249,17586,0,1,1,0,1
24,2013,100,1,0,"Washington","WAS","Nationals",16209,16711,17888,0,1,0,0,1
24,2014,100,1,0,"Washington","WAS","Nationals",17586,17249,17958,0,1,0,0,1
24,2015,100,1,0,"Washington","WAS","Nationals",17586,16711,18381,0,1,0,0,1
24,2016,100,1,0,"Washington","WAS","Nationals",17586,16833,18504,0,1,0,0,1
24,2017,100,1,0,"Washington","WAS","Nationals",17586,17249,0,0,0,0,0,2
25,2000,100,1,0,"New York","NYM","Mets",136,11921,11634,0,0,0,0,2
25,2001,100,1,0,"New York","NYM","Mets",10850,7870,15394,0,0,0,0,5
25,2002,100,1,0,"New York","NYM","Mets",10850,11634,15599,0,0,0,0,5
25,2003,100,1,0,"New York","NYM","Mets",10850,7870,15755,0,0,0,0,5
25,2004,100,1,0,"New York","NYM","Mets",1968,15587,16002,0,0,0,0,5
25,2005,100,1,0,"New York","NYM","Mets",876,8603,16099,0,1,0,0,2
25,2006,100,1,0,"New York","NYM","Mets",876,16353,16353,0,0,0,0,4
25,2007,100,1,0,"New York","NYM","Mets",16002,15925,16500,0,0,0,0,3
25,2008,100,1,0,"New York","NYM","Mets",16002,12060,16781,0,0,0,0,4
25,2009,100,1,0,"New York","NYM","Mets",16068,12060,16967,0,0,0,0,4
25,2010,100,1,0,"New York","NYM","Mets",16002,16784,17115,0,0,0,0,3
25,2011,100,1,0,"New York","NYM","Mets",16002,15270,17466,0,1,0,0,1
25,2012,100,1,0,"New York","NYM","Mets",16002,15270,17588,0,1,0,0,2
25,2013,100,1,0,"New York","NYM","Mets",16781,16784,17831,0,1,0,0,3
25,2014,100,1,0,"New York","NYM","Mets",16002,17997,17997,0,0,0,0,3
25,2015,100,1,0,"New York","NYM","Mets",16781,17997,18403,0,0,0,0,3
25,2016,100,1,0,"New York","NYM","Mets",17538,17997,18552,0,0,0,0,3
25,2017,100,1,0,"New York","NYM","Mets",17780,18403,0,0,0,0,0,3
26,2000,100,1,0,"Philadelphia","PHI","Phillies",29,14942,1825,0,0,0,0,5
26,2001,100,1,0,"Philadelphia","PHI","Phillies",11766,3085,15274,0,0,0,0,4
26,2002,100,1,0,"Philadelphia","PHI","Phillies",29,14942,15441,0,0,0,0,2
26,2003,100,1,0,"Philadelphia","PHI","Phillies",13673,9410,15781,0,0,0,0,3
26,2004,100,1,0,"Philadelphia","PHI","Phillies",29,9418,15897,0,1,0,0,2
26,2005,100,1,0,"Philadelphia","PHI","Phillies",15781,15542,16024,0,0,0,0,3
26,2006,100,1,0,"Philadelphia","PHI","Phillies",15897,16270,16270,0,1,0,0,2
26,2007,100,1,0,"Philadelphia","PHI","Phillies",15781,16270,16529,0,0,0,0,2
26,2008,100,1,0,"Philadelphia","PHI","Phillies",15897,16270,16715,0,0,0,0,3
26,2009,100,1,0,"Philadelphia","PHI","Phillies",15897,15526,16979,0,0,0,0,3
26,2010,100,1,0,"Philadelphia","PHI","Phillies",15786,5522,17271,0,1,1,0,1
26,2011,100,1,0,"Philadelphia","PHI","Phillies",16578,16270,17482,0,0,0,0,3
26,2012,100,1,0,"Philadelphia","PHI","Phillies",11770,15526,17571,0,0,0,0,4
26,2013,100,1,0,"Philadelphia","PHI","Phillies",17090,15526,17723,0,0,0,0,5
26,2014,100,1,0,"Philadelphia","PHI","Phillies",11770,16270,18020,0,0,0,0,5
26,2015,100,1,0,"Philadelphia","PHI","Phillies",18280,18077,18280,0,0,0,0,5
26,2016,100,1,0,"Philadelphia","PHI","Phillies",18015,17147,18536,0,0,0,0,4
26,2017,100,1,0,"Philadelphia","PHI","Phillies",18015,18347,0,0,0,0,0,4
27,2000,100,1,1,"Pittsburgh","PIT","Pirates",4948,910,355,0,0,0,0,6
27,2001,100,1,1,"Pittsburgh","PIT","Pirates",4948,8559,8559,0,0,0,0,6
27,2002,100,1,1,"Pittsburgh","PIT","Pirates",4948,14489,11971,0,0,0,0,5
27,2003,100,1,1,"Pittsburgh","PIT","Pirates",12040,15559,15626,0,0,0,0,3
27,2004,100,1,1,"Pittsburgh","PIT","Pirates",15626,14489,15835,0,0,0,0,5
27,2005,100,1,1,"Pittsburgh","PIT","Pirates",15626,14489,16055,0,0,0,0,5
27,2006,100,1,1,"Pittsburgh","PIT","Pirates",15626,15977,16422,0,0,0,0,3
27,2007,100,1,1,"Pittsburgh","PIT","Pirates",15582,16077,16598,0,1,0,0,1
27,2008,100,1,1,"Pittsburgh","PIT","Pirates",16126,16057,16673,0,0,0,0,4
27,2009,100,1,1,"Pittsburgh","PIT","Pirates",16982,16568,16982,0,0,0,0,3
27,2010,100,1,1,"Pittsburgh","PIT","Pirates",16982,16510,17250,0,0,0,0,6
27,2011,100,1,1,"Pittsburgh","PIT","Pirates",16982,16510,17503,0,0,0,0,4
27,2012,100,1,1,"Pittsburgh","PIT","Pirates",16982,1795,17630,0,0,0,0,2
27,2013,100,1,1,"Pittsburgh","PIT","Pirates",17073,16113,17756,0,1,1,0,1
27,2014,100,1,1,"Pittsburgh","PIT","Pirates",16982,17756,18096,0,0,0,0,2
27,2015,100,1,1,"Pittsburgh","PIT","Pirates",16982,17756,18293,0,0,0,0,3
27,2016,100,1,1,"Pittsburgh","PIT","Pirates",18096,17756,18649,0,0,0,0,3
27,2017,100,1,1,"Pittsburgh","PIT","Pirates",16982,17756,0,0,0,0,0,3
28,2000,100,1,2,"San Diego","SD","Padres",7349,6228,3162,0,0,0,0,5
28,2001,100,1,2,"San Diego","SD","Padres",10015,15324,15324,0,0,0,0,5
28,2002,100,1,2,"San Diego","SD","Padres",10015,15324,15554,0,0,0,0,2
28,2003,100,1,2,"San Diego","SD","Padres",7349,15554,15739,0,0,0,0,3
28,2004,100,1,2,"San Diego","SD","Padres",4948,3850,15946,0,0,0,0,3
28,2005,100,1,2,"San Diego","SD","Padres",15682,15554,16087,0,1,0,0,1
28,2006,100,1,2,"San Diego","SD","Padres",15871,15554,16217,0,1,0,0,1
28,2007,100,1,2,"San Diego","SD","Padres",15871,15554,16616,0,0,0,0,4
28,2008,100,1,2,"San Diego","SD","Padres",15871,15554,16729,0,0,0,0,5
28,2009,100,1,2,"San Diego","SD","Padres",15871,15813,16963,0,0,0,0,4
28,2010,100,1,2,"San Diego","SD","Padres",15871,15813,17273,0,0,0,0,2
28,2011,100,1,2,"San Diego","SD","Padres",16547,16963,17453,0,0,0,0,4
28,2012,100,1,2,"San Diego","SD","Padres",16514,16405,17581,0,0,0,0,5
28,2013,100,1,2,"San Diego","SD","Padres",16363,16405,17805,0,0,0,0,4
28,2014,100,1,2,"San Diego","SD","Padres",18140,17226,18140,0,0,0,0,3
28,2015,100,1,2,"San Diego","SD","Padres",16293,17167,18289,0,0,0,0,3
28,2016,100,1,2,"San Diego","SD","Padres",17858,17226,18626,0,0,0,0,5
28,2017,100,1,2,"San Diego","SD","Padres",17858,17975,0,0,0,0,0,5
29,2000,100,1,2,"San Francisco","SF","Giants",1228,4053,15188,0,1,0,0,1
29,2001,100,1,2,"San Francisco","SF","Giants",1228,10374,15310,0,1,1,0,1
29,2002,100,1,2,"San Francisco","SF","Giants",1228,12209,15608,0,1,0,0,1
29,2003,100,1,2,"San Francisco","SF","Giants",1228,12209,15715,0,0,0,0,2
29,2004,100,1,2,"San Francisco","SF","Giants",1228,12209,15691,0,0,0,0,2
29,2005,100,1,2,"San Francisco","SF","Giants",14882,12209,16033,0,0,0,0,5
29,2006,100,1,2,"San Francisco","SF","Giants",14882,9684,16211,0,0,0,0,4
29,2007,100,1,2,"San Francisco","SF","Giants",14882,16537,16537,0,0,0,0,5
29,2008,100,1,2,"San Francisco","SF","Giants",14882,16537,16831,0,0,0,0,4
29,2009,100,1,2,"San Francisco","SF","Giants",16831,16537,17011,0,1,1,0,1
29,2010,100,1,2,"San Francisco","SF","Giants",15761,16537,0,0,0,0,0,3
29,2011,100,1,2,"San Francisco","SF","Giants",16831,16033,17288,0,1,0,0,1
29,2012,100,1,2,"San Francisco","SF","Giants",17011,16537,17627,0,1,0,0,1
29,2013,100,1,2,"San Francisco","SF","Giants",17011,16890,17826,0,0,0,0,2
29,2014,100,1,2,"San Francisco","SF","Giants",16578,16890,18083,0,0,0,0,4
29,2015,100,1,2,"San Francisco","SF","Giants",17011,16890,18408,0,0,0,0,5
29,2016,100,1,2,"San Francisco","SF","Giants",17288,16679,18547,0,1,0,0,1
29,2017,100,1,2,"San Francisco","SF","Giants",17011,16679,0,0,0,0,0,4
30,2000,100,1,1,"St. Louis","STL","Cardinals",3882,7243,294,0,1,1,0,1
30,2001,100,1,1,"St. Louis","STL","Cardinals",15370,9684,15370,0,1,0,0,1
30,2002,100,1,1,"St. Louis","STL","Cardinals",15370,9684,15551,0,1,1,0,1
30,2003,100,1,1,"St. Louis","STL","Cardinals",15370,13790,15689,0,1,0,0,1
30,2004,100,1,1,"St. Louis","STL","Cardinals",15370,2091,15937,0,1,0,0,1
30,2005,100,1,1,"St. Louis","STL","Cardinals",15370,2091,16158,0,1,0,0,1
30,2006,100,1,1,"St. Louis","STL","Cardinals",15370,2091,16296,0,0,0,0,6
30,2007,100,1,1,"St. Louis","STL","Cardinals",15370,16198,16523,0,0,0,0,5
30,2008,100,1,1,"St. Louis","STL","Cardinals",15531,15327,16795,0,0,0,0,5
30,2009,100,1,1,"St. Louis","STL","Cardinals",15370,16198,17015,0,0,0,0,2
30,2010,100,1,1,"St. Louis","STL","Cardinals",15370,16198,17229,0,0,0,0,2
30,2011,100,1,1,"St. Louis","STL","Cardinals",15895,16703,17406,0,1,0,0,2
30,2012,100,1,1,"St. Louis","STL","Cardinals",876,16198,17679,0,1,0,0,1
30,2013,100,1,1,"St. Louis","STL","Cardinals",876,16198,17925,0,0,0,0,3
30,2014,100,1,1,"St. Louis","STL","Cardinals",15741,16198,18132,0,1,0,0,1
30,2015,100,1,1,"St. Louis","STL","Cardinals",15741,17406,18364,0,1,0,0,1
30,2016,100,1,1,"St. Louis","STL","Cardinals",18364,17847,18485,0,1,1,0,1
30,2017,100,1,1,"St. Louis","STL","Cardinals",18030,17847,0,0,0,0,0,2
